#{"t_start": 1785073681.5877676, "env_id": "None"}
r,l,t
-119.7,80,0.239998
-152.2,75,0.439001
-161.35,76,0.659997
-174.25,95,0.908997
-132.6,92,1.172999
-76.25,84,1.424
-244.3,79,1.644998
-207.7,85,1.868998
38.05,70,2.051997
-37.45,91,2.294996
26.8,85,2.521119
-74.5,78,2.72712
51.4,94,2.99212
122.3,90,3.232119
6.3,96,3.494117
129.15,96,3.775119
105.1,84,3.987117
137.3,64,4.307118
197.85,89,4.544118
179.4,64,4.718119
186.65,57,4.871119
252.0,90,5.10712
221.5,84,5.327119
300.7,89,5.570336
228.15,73,5.774334
270.65,70,6.026337
210.9,76,6.259335
232.2,67,6.448334
227.85,84,6.679334
280.35,81,6.891335
200.3,99,7.170334
271.75,68,7.348341
241.85,101,7.624334
274.45,105,7.90234
299.7,94,8.148334
305.6,68,8.326335
275.35,81,8.563457
189.9,97,8.831453
311.05,77,9.029447
291.2,81,9.250446
206.6,81,9.465455
271.95,78,9.674448
355.6,108,9.978447
361.25,84,10.197447
294.45,80,10.414447
307.7,110,10.69645
275.7,74,10.893455
229.5,68,11.072448
288.05,77,11.304447
316.55,84,11.535943
339.05,77,11.746944
420.7,81,11.969944
354.7,80,12.178943
417.7,67,12.353943
396.0,62,12.635943
363.45,73,12.839942
386.95,73,13.037943
391.55,63,13.200943
353.8,71,13.395941
332.5,85,13.622943
411.65,84,13.844943
404.2,77,14.066943
449.55,53,14.202942
424.45,79,14.414176
417.4,80,14.623239
412.8,65,14.806241
409.0,76,15.015239
399.8,81,15.22624
409.0,88,15.482247
409.0,94,15.729239
461.0,110,16.014241
330.1,75,16.218241
391.55,74,16.414241
368.15,77,16.62024
425.95,82,16.851241
399.6,75,17.050241
443.55,74,17.24424
409.0,93,17.49424
448.0,76,17.695777
387.1,95,17.947783
348.1,67,18.145777
451.8,94,18.387777
383.0,83,18.610776
409.0,83,18.828777
434.65,78,19.037776
448.0,66,19.210777
447.35,70,19.418777
448.0,77,19.622776
455.1,86,19.863791
461.0,69,20.044775
478.1,64,20.214778
426.1,80,20.426819
430.2,80,20.636867
482.4,91,20.907866
456.55,64,21.070867
365.55,74,21.391865
456.55,79,21.622869
396.0,83,21.855866
408.2,82,22.070867
469.05,55,22.240871
438.75,80,22.452867
469.4,69,22.635868
435.0,54,22.783868
456.55,70,22.973867
425.45,72,23.165881
474.0,76,23.378866
474.0,76,23.592387
417.4,75,23.786388
442.9,76,23.990389
416.5,79,24.191388
482.55,83,24.427388
487.0,83,24.654388
474.0,89,24.884387
404.2,77,25.113388
473.5,81,25.323388
409.0,72,25.51439
500.0,92,25.769389
443.55,85,26.000386
461.0,104,26.288389
500.0,88,26.521493
434.5,61,26.683499
421.65,73,26.877493
482.4,72,27.068494
487.0,69,27.265493
412.8,90,27.498493
487.0,116,27.825493
487.0,79,28.031497
474.0,74,28.236495
500.0,85,28.462496
443.05,78,28.668494
469.4,91,28.900494
469.4,81,29.129498
420.8,65,29.306493
487.0,114,29.62202
381.95,63,29.784029
396.0,79,29.996019
469.4,95,30.24502
400.1,95,30.634018
461.0,91,30.869033
469.4,86,31.100022
482.55,78,31.309019
417.55,71,31.50702
478.1,81,31.728018
491.1,64,31.916019
495.4,81,32.131019
442.85,79,32.34402
456.55,66,32.525934
461.0,80,32.739933
487.0,88,32.973934
360.6,93,33.258934
422.0,85,33.486934
478.1,82,33.702934
474.0,83,33.929934
500.0,80,34.149938
495.55,77,34.350937
473.65,80,34.586936
465.1,68,34.771934
460.65,79,34.987936
469.4,82,35.201934
460.3,70,35.395937
464.75,94,35.652351
464.95,86,35.90035
487.0,73,36.123349
474.0,73,36.314351
474.0,78,36.535351
460.35,90,36.79135
451.75,75,36.99035
495.4,87,37.22135
464.8,74,37.432351
487.0,75,37.626352
500.0,95,37.88035
500.0,97,38.131353
473.3,82,38.363389
464.45,71,38.550489
447.2,91,38.82149
434.2,84,39.047491
491.1,78,39.39549
464.75,70,39.589497
500.0,72,39.781491
482.2,89,40.015494
491.1,74,40.224491
495.4,75,40.430493
482.4,93,40.667495
468.85,68,40.849493
464.75,96,41.111491
477.75,82,41.334496
456.55,73,41.566493
500.0,68,41.75701
500.0,85,41.978014
490.8,80,42.194013
468.9,78,42.404011
486.2,81,42.613012
500.0,75,42.819014
464.75,74,43.079011
482.55,93,43.334017
486.65,68,43.517015
487.0,86,43.74701
474.0,72,43.937013
495.4,83,44.158011
460.65,95,44.429011
482.55,70,44.622423
482.55,77,44.825423
482.4,94,45.077422
469.4,68,45.26343
469.55,84,45.488422
460.35,84,45.730422
487.0,86,45.954423
495.4,59,46.113423
500.0,85,46.339421
500.0,87,46.580423
495.4,74,46.788423
500.0,84,47.080426
500.0,98,47.431421
482.05,87,47.692914
500.0,95,47.971913
500.0,91,48.343911
495.55,84,48.578911
477.75,82,48.80991
473.65,87,49.04091
491.1,76,49.236914
495.4,66,49.414912
455.35,67,49.606912
433.25,70,49.797911
487.0,90,50.045911
477.6,89,50.292912
293.4,70,50.478442
409.0,78,50.68505
434.35,103,50.966052
469.2,93,51.209271
473.3,78,51.440051
468.85,87,51.674051
473.3,84,51.891055
482.55,71,52.080051
500.0,86,52.312053
473.3,64,52.492052
495.4,93,52.742054
477.75,80,52.977057
500.0,79,53.187052
486.2,66,53.359051
486.65,85,53.59405
495.4,90,53.828571
500.0,81,54.041573
495.55,94,54.306572
486.65,97,54.562571
500.0,87,54.798572
500.0,84,55.020572
460.5,81,55.237573
412.75,89,55.491575
465.1,80,55.71857
487.0,81,55.933576
477.8,75,56.134575
487.0,78,56.339572
482.55,72,56.540204
495.4,84,56.75874
464.95,74,57.08574
482.4,89,57.326741
487.0,89,57.562747
500.0,73,57.76374
481.9,90,58.001741
469.55,93,58.246741
487.0,70,58.467742
486.65,76,58.663738
474.0,98,58.930742
500.0,73,59.123742
413.1,82,59.341745
474.0,79,59.54774
500.0,88,59.802249
500.0,89,60.034249
487.0,83,60.254247
500.0,68,60.430248
487.0,97,60.708249
461.0,85,60.936247
500.0,101,61.222248
491.1,86,61.447248
486.5,86,61.680251
460.65,72,61.890248
500.0,85,62.114247
486.5,83,62.326247
491.1,71,62.540354
500.0,80,62.751408
500.0,79,62.969407
495.4,104,63.246408
500.0,99,63.515409
464.4,75,63.716407
490.8,73,63.938407
464.75,87,64.165408
474.0,82,64.378407
425.95,79,64.591406
486.65,77,64.798412
486.65,62,64.965408
477.15,78,65.287407
482.05,67,65.470408
482.05,70,65.658821
491.1,66,65.83082
500.0,81,66.052823
490.8,67,66.236822
495.4,73,66.425821
500.0,96,66.710822
477.95,92,66.953822
468.55,80,67.167827
464.75,66,67.338823
486.2,89,67.587821
473.65,83,67.804822
486.65,82,68.043822
500.0,76,68.245822
500.0,78,68.453821
500.0,83,68.667968
491.1,74,68.879964
482.55,76,69.078962
495.55,78,69.307966
495.55,74,69.506963
500.0,61,69.66797
482.4,54,69.823964
487.0,62,69.986964
495.55,66,70.167964
487.0,96,70.417961
500.0,93,70.683964
486.65,81,70.901965
500.0,78,71.109963
500.0,96,71.363963
464.45,88,71.611962
500.0,81,71.823486
468.75,93,72.086485
482.4,84,72.310485
469.4,84,72.538485
452.1,80,72.751484
455.35,60,72.917485
451.75,64,73.089485
495.4,92,73.327485
495.55,82,73.671485
495.4,77,73.875484
486.65,69,74.064485
495.4,72,74.261483
468.85,97,74.521007
500.0,75,74.754671
500.0,97,75.02667
473.5,85,75.26067
477.75,96,75.51167
500.0,68,75.70267
464.75,97,75.96267
500.0,85,76.182673
455.5,61,76.362668
495.55,101,76.633672
500.0,82,76.857669
495.4,64,77.03267
495.55,75,77.237675
482.2,61,77.440671
477.45,60,77.623673
468.55,83,77.865963
487.0,78,78.067969
491.1,91,78.318969
477.6,81,78.570966
500.0,53,78.705979
500.0,89,78.945963
500.0,85,79.187965
477.8,86,79.410964
495.4,95,79.659962
495.4,77,79.882965
477.95,62,80.046965
490.8,84,80.274966
500.0,83,80.507964
468.85,69,80.70008
487.0,73,80.895091
491.1,79,81.103081
500.0,105,81.381079
495.55,86,81.60608
495.4,113,81.918081
491.1,69,82.10308
495.55,68,82.391081
486.65,75,82.611081
473.0,87,82.831085
482.2,75,83.100081
486.65,92,83.38108
482.4,87,83.61308
500.0,86,83.834613
468.4,88,84.075614
486.65,85,84.312616
495.55,85,84.543616
464.4,79,84.776616
500.0,73,84.970613
486.65,65,85.146613
495.4,88,85.381612
482.05,72,85.570613
468.4,90,85.804613
433.3,95,86.068616
500.0,90,86.304614
486.65,80,86.534613
500.0,82,86.753831
500.0,63,86.922827
495.4,77,87.126827
482.05,79,87.351831
495.55,89,87.593829
473.3,72,87.791827
459.95,87,88.01983
481.9,74,88.22483
495.4,91,88.461827
500.0,97,88.728829
486.65,79,88.940831
495.4,71,89.123828
500.0,89,89.364827
482.2,81,89.576827
500.0,106,89.869346
491.1,78,90.086345
472.85,74,90.294345
500.0,73,90.493346
495.55,94,90.857346
500.0,84,91.079345
468.7,70,91.264346
446.95,63,91.438345
482.05,80,91.671347
482.05,74,91.878347
495.4,72,92.06735
500.0,93,92.313347
491.1,105,92.59941
500.0,68,92.772465
500.0,77,92.997466
500.0,72,93.186466
495.4,92,93.427465
495.55,77,93.640465
486.65,115,93.944466
495.55,88,94.180466
500.0,72,94.392466
487.0,84,94.614464
500.0,77,94.81847
486.65,77,95.549469
486.65,85,95.777987
490.95,65,95.947985
500.0,71,96.164989
486.65,70,96.347987
495.55,77,96.552988
500.0,90,96.796995
486.65,107,97.074986
495.55,76,97.280986
468.85,61,97.447988
477.95,62,97.618989
474.0,67,97.796988
451.95,96,98.043988
407.95,88,98.272984
456.4,83,98.496986
473.3,74,98.693107
500.0,84,98.939109
500.0,70,99.130105
473.5,69,99.309109
478.1,92,99.557105
491.1,65,99.735109
469.4,77,99.943105
460.3,85,100.179106
486.65,73,100.372109
500.0,97,100.624106
491.1,76,100.820106
495.55,68,101.014106
486.65,65,101.191105
482.2,70,101.372107
487.0,78,101.606108
495.4,80,101.825642
451.05,78,102.034638
495.4,81,102.244638
500.0,77,102.45564
482.2,70,102.640639
473.15,73,102.824641
500.0,75,103.046654
490.8,71,103.242641
482.55,65,103.409638
500.0,63,103.576638
495.55,69,103.763638
486.65,70,103.956638
482.55,76,104.155639
500.0,59,104.333638
500.0,87,104.56264
500.0,67,104.749232
482.2,77,104.953236
442.0,63,105.135234
491.1,92,105.372229
486.65,87,105.629229
495.4,87,105.96223
473.65,83,106.17823
495.4,62,106.337232
469.05,81,106.561234
486.5,65,106.741231
490.8,93,107.03723
491.1,70,107.294233
477.6,90,107.578232
500.0,94,107.843738
491.1,86,108.097735
482.2,67,108.275738
486.65,63,108.444738
451.05,86,108.68474
500.0,86,108.911736
500.0,95,109.157739
495.4,79,109.363736
500.0,72,109.546739
500.0,87,109.778738
473.15,71,109.991738
495.4,85,110.211741
491.1,71,110.401738
500.0,78,110.602738
500.0,67,110.790881
495.55,80,110.99588
490.95,86,111.233883
495.4,72,111.429884
495.4,76,111.637882
486.5,89,111.87388
473.65,102,112.13888
500.0,74,112.339881
486.65,69,112.525879
500.0,86,112.778881
482.2,75,112.97588
486.65,75,113.169876
473.0,67,113.34588
491.1,61,113.51588
482.2,80,113.733881
500.0,83,113.9604
473.3,91,114.202401
500.0,86,114.430399
495.55,78,114.629399
477.75,81,114.848398
495.4,62,115.024397
491.1,82,115.2384
495.55,90,115.498398
486.65,103,115.770402
464.4,59,115.927398
500.0,72,116.106399
500.0,79,116.314399
500.0,76,116.513399
500.0,95,116.806575
490.95,103,117.079573
482.2,79,117.283576
500.0,83,117.504575
500.0,91,117.743574
491.1,74,117.936573
459.95,68,118.139573
477.6,76,118.338575
482.55,81,118.552574
500.0,87,118.773576
495.4,100,119.043575
495.4,75,119.241575
482.05,72,119.458573
490.95,88,119.679576
486.65,84,119.904097
482.05,69,120.091097
495.4,88,120.328095
482.05,90,120.570093
487.0,95,120.835101
487.0,89,121.070098
491.1,81,121.284098
491.1,106,121.565097
477.75,80,121.777097
500.0,72,121.973102
481.9,70,122.176096
482.55,72,122.367098
477.45,93,122.615097
490.95,70,122.802223
478.1,65,122.976227
500.0,78,123.190222
486.2,67,123.37922
500.0,92,123.634224
486.65,66,123.808221
490.95,82,124.02322
500.0,67,124.201221
495.4,86,124.421222
500.0,72,124.607226
500.0,87,124.858221
473.15,73,125.054222
468.85,88,125.288221
482.05,78,125.488224
486.65,89,125.734224
491.1,62,125.901745
500.0,89,126.151747
500.0,82,126.377746
491.1,87,126.603764
500.0,90,126.844748
491.1,81,127.056747
490.95,60,127.220748
500.0,88,127.587746
491.1,87,127.821747
500.0,86,128.049744
495.55,85,128.271747
482.4,76,128.472746
500.0,62,128.629746
495.55,86,128.876872
473.15,73,129.079862
500.0,82,129.287862
491.1,85,129.516862
459.8,75,129.72086
500.0,80,129.928861
486.2,95,130.196865
495.4,78,130.407861
482.2,80,130.615862
482.05,75,130.811863
495.4,71,131.019861
500.0,81,131.240863
477.6,83,131.461861
482.05,90,131.723865
481.9,85,131.948031
473.3,81,132.160032
500.0,80,132.365033
495.4,89,132.599031
486.65,69,132.785033
490.95,89,133.040034
486.5,91,133.280032
486.65,85,133.497031
486.65,89,133.732031
500.0,82,133.952033
495.4,83,134.177036
486.65,89,134.427033
490.95,77,134.633033
500.0,110,134.92324
495.55,82,135.153241
500.0,68,135.33424
495.4,89,135.572239
495.4,69,135.76024
500.0,89,135.99524
477.0,82,136.218249
500.0,75,136.411239
468.85,80,136.63124
500.0,74,136.82024
500.0,71,137.03024
482.4,73,137.22024
500.0,88,137.455239
486.65,88,137.688241
490.95,94,137.945761
482.2,76,138.147758
