#{"t_start": 1784973515.0908165, "env_id": "None"}
r,l,t
-302.3,90,0.279014
-258.35,83,0.563015
-158.95,83,0.815004
-121.05,66,1.009008
-32.75,81,1.231001
181.1,81,1.438997
-19.5,77,1.667996
-31.55,100,1.935998
-146.5,77,2.206998
-111.25,80,2.449476
-99.55,81,2.645475
-181.0,62,2.808493
-96.15,90,3.08548
-49.9,81,3.292491
-78.0,90,3.531494
44.8,67,3.712481
-13.05,77,3.917488
-40.3,103,4.323482
4.85,75,4.522487
114.65,89,4.942491
75.55,87,5.187825
45.1,90,5.42789
-3.85,89,5.657891
76.0,77,5.869885
160.4,95,6.238879
59.4,79,6.528878
243.4,98,6.810874
176.6,91,7.068873
184.2,83,7.289876
88.45,85,7.608878
116.1,75,7.889876
125.85,77,8.106876
175.4,80,8.321879
180.7,94,8.589382
150.55,101,8.840382
113.95,99,9.135383
208.05,80,9.354382
195.0,72,9.528377
278.35,66,9.697377
257.75,76,9.896392
199.0,78,10.09938
224.4,73,10.297378
187.2,69,10.50938
240.3,77,10.695387
203.95,78,10.883387
247.65,86,11.122376
227.45,67,11.344556
114.05,95,11.684549
228.55,61,11.860559
274.0,76,12.061549
232.1,85,12.288561
272.0,74,12.475553
203.3,73,12.662553
290.8,63,12.821551
283.05,78,13.009566
283.1,77,13.238549
193.4,76,13.475555
210.4,77,13.769552
270.0,79,14.076554
269.85,81,14.36156
274.55,91,14.673864
349.95,83,14.958868
255.9,67,15.190865
247.25,78,15.435874
323.2,85,15.690869
296.25,86,15.984882
319.5,70,16.259868
342.55,89,16.594869
340.75,89,16.946867
288.1,74,17.207864
215.55,95,17.535556
396.0,80,17.827567
314.6,72,18.128558
264.7,74,18.417557
295.1,71,18.679564
378.4,81,19.086565
375.7,74,19.376564
396.0,85,19.663555
378.7,91,19.979557
408.65,70,20.236564
357.0,87,20.547977
408.5,78,20.803973
365.55,82,21.077976
300.4,76,21.323974
391.0,78,21.582991
326.55,86,21.854974
355.0,80,22.092991
312.8,83,22.308986
408.65,77,22.510979
383.0,90,22.754978
393.4,99,23.022978
309.25,97,23.285057
382.3,88,23.554118
408.5,94,23.788121
413.0,87,24.011111
395.65,110,24.32011
426.1,93,24.552122
409.0,101,24.824111
439.1,70,25.023106
308.1,89,25.236118
357.0,84,25.459107
487.0,87,25.69011
448.0,65,25.861116
430.4,86,26.109121
367.4,72,26.299112
374.25,90,26.533651
409.0,92,26.94165
446.7,75,27.152654
413.25,93,27.37465
438.8,89,27.624649
391.55,66,27.800651
387.1,90,28.119654
351.35,78,28.40565
443.55,87,28.651665
439.1,94,28.929662
438.8,87,29.198667
391.4,81,29.441745
448.0,89,29.654756
435.0,79,29.861744
409.0,84,30.093765
391.4,94,30.351747
304.95,78,30.557749
395.65,76,30.762761
426.1,83,30.957762
409.0,82,31.171751
370.0,87,31.406749
474.0,83,31.610758
448.0,78,31.88175
439.1,70,32.06375
465.1,85,32.284758
426.25,77,32.493247
412.95,75,32.702241
400.1,73,32.904247
409.0,87,33.129242
400.1,77,33.352254
435.0,72,33.531257
434.3,75,33.724247
430.4,101,34.006242
461.0,93,34.256257
461.0,93,34.714243
461.0,84,34.940254
469.4,68,35.119255
386.95,93,35.364379
360.75,55,35.503395
409.0,88,35.735393
456.2,101,35.980419
474.0,81,36.223381
438.4,73,36.399376
456.55,88,36.63438
473.35,81,36.90739
416.7,89,37.153398
461.0,96,37.415378
474.0,85,37.656378
438.95,76,37.863384
430.55,73,38.06339
435.0,72,38.259376
477.95,81,38.477848
448.0,77,38.664837
487.0,74,38.880846
439.1,79,39.103849
422.0,65,39.288839
456.4,79,39.497848
425.75,70,39.686848
474.0,83,39.917838
455.1,88,40.15784
474.0,90,40.400848
465.1,70,40.580835
477.8,84,40.787848
460.65,81,41.016838
421.65,78,41.229846
434.65,85,41.464559
482.55,68,41.773562
487.0,80,42.039567
465.1,73,42.231565
456.55,83,42.455559
486.5,102,42.709555
474.0,76,42.906562
474.0,95,43.184565
473.65,90,43.423567
455.9,67,43.595555
469.4,78,43.793557
500.0,75,44.014566
487.0,82,44.235554
468.55,85,44.53207
473.65,82,44.733077
477.75,61,44.897077
500.0,83,45.108077
482.7,79,45.329077
477.8,56,45.468064
473.65,75,45.661066
461.0,85,45.909065
451.6,82,46.132067
446.95,80,46.343065
482.4,82,46.549084
491.1,81,46.757062
478.1,77,46.99406
452.1,80,47.234062
469.55,74,47.418462
487.0,98,47.662452
495.55,73,47.856454
456.4,71,48.069461
474.0,95,48.319465
473.3,94,48.598467
451.9,79,48.796454
460.95,74,48.994451
487.0,77,49.19646
434.65,89,49.557454
430.35,69,49.732455
456.55,80,49.956453
422.0,92,50.215452
500.0,76,50.411453
487.0,74,50.606999
478.1,85,50.833987
482.2,87,51.062011
446.95,84,51.293997
490.8,90,51.529989
469.4,77,51.722993
461.0,100,52.028988
477.8,69,52.217985
451.45,71,52.401993
434.8,67,52.577997
451.6,62,52.757995
491.1,89,53.003996
469.2,77,53.213989
460.3,92,53.468403
500.0,97,53.725432
469.05,88,53.956405
500.0,74,54.162397
482.4,71,54.344397
500.0,95,54.584403
473.5,77,54.788396
487.0,80,54.991393
461.0,88,55.237403
455.9,70,55.436404
487.0,63,55.591393
487.0,62,55.748394
478.1,76,55.929405
455.7,88,56.173398
500.0,75,56.490532
495.4,81,56.70852
474.0,91,56.989523
500.0,72,57.182523
478.1,71,57.358532
473.65,56,57.519521
478.1,70,57.717523
473.65,71,57.88853
486.65,71,58.104522
486.65,93,58.374534
469.2,108,58.676527
487.0,96,58.935535
460.65,68,59.122522
464.75,68,59.306704
438.6,71,59.523814
487.0,65,59.684803
500.0,65,59.847816
478.1,79,60.067826
482.55,81,60.301812
477.75,94,60.556813
473.3,96,60.802811
490.8,86,61.055817
482.2,66,61.237807
486.5,71,61.416806
500.0,79,61.615807
477.75,82,61.844801
486.65,90,62.106805
500.0,92,62.3578
473.5,77,62.55331
487.0,69,62.737305
500.0,90,62.954303
460.65,79,63.18032
474.0,77,63.388314
455.2,82,63.746319
478.1,80,63.94332
477.8,102,64.208309
487.0,90,64.525316
474.0,82,64.736314
447.65,67,64.913304
495.55,75,65.125313
477.6,79,65.336479
474.0,88,65.550533
465.1,96,65.792531
468.7,97,66.037541
477.8,88,66.271533
487.0,87,66.517529
478.1,78,66.728545
486.65,76,66.940546
464.1,72,67.140532
500.0,83,67.387548
487.0,82,67.59054
487.0,67,67.778534
495.4,73,67.962528
495.55,82,68.252534
500.0,94,68.55207
474.0,91,68.79206
486.65,102,69.056068
500.0,76,69.285052
500.0,107,69.572055
474.0,82,69.785049
443.55,77,69.977055
487.0,83,70.213063
486.65,102,70.476049
500.0,72,70.699053
500.0,78,70.890049
500.0,75,71.194073
487.0,71,71.405343
456.05,87,71.628326
424.9,67,71.805338
495.4,79,72.077338
460.15,88,72.315327
495.55,77,72.515326
487.0,78,72.720331
473.0,78,72.921327
487.0,73,73.123331
486.35,75,73.31133
482.05,78,73.62333
482.4,109,74.035332
438.95,64,74.26234
478.1,62,74.469814
451.4,95,74.716826
490.95,112,75.026813
486.65,84,75.240819
486.5,104,75.525818
495.4,81,75.715827
460.65,81,75.925831
491.1,90,76.170827
473.5,84,76.411815
495.4,80,76.624825
490.95,58,76.761828
486.2,81,76.985819
482.55,92,77.255828
482.4,75,77.443269
477.8,65,77.616274
443.55,85,77.851275
421.35,91,78.100276
461.0,79,78.306282
464.95,66,78.472268
487.0,82,78.710279
486.2,69,78.872273
451.4,76,79.234274
495.4,92,79.474283
474.0,86,79.685282
482.2,87,79.929272
491.1,76,80.127285
460.5,73,80.30827
487.0,78,80.5468
500.0,95,80.793808
500.0,84,81.004795
500.0,83,81.228797
486.5,66,81.415809
425.1,77,81.629798
473.5,69,81.801812
500.0,65,82.028795
486.2,76,82.245799
500.0,105,82.519799
487.0,83,82.746808
500.0,76,82.935807
477.75,69,83.1268
482.4,100,83.396461
482.05,67,83.570683
486.65,96,83.810682
486.35,97,84.090682
486.5,85,84.311692
500.0,71,84.506678
500.0,80,84.755683
486.5,91,84.995692
477.95,71,85.180691
487.0,84,85.400685
477.75,78,85.614691
500.0,91,85.852689
500.0,77,86.075683
473.65,89,86.302695
487.0,85,86.529239
500.0,73,86.830225
486.65,78,87.261239
495.55,61,87.425225
495.4,92,87.677234
473.65,93,87.918235
460.35,64,88.089227
474.0,105,88.361222
500.0,76,88.562221
486.65,79,88.777224
477.45,73,88.981239
487.0,89,89.220227
448.0,72,89.422454
486.65,64,89.580982
487.0,81,89.796982
495.4,80,89.995981
473.5,87,90.225971
477.75,70,90.461969
465.1,77,90.738973
491.1,91,91.079975
491.1,71,91.337974
487.0,74,91.605975
500.0,90,91.91197
478.1,98,92.30498
482.55,81,92.570402
416.5,76,92.763405
415.85,72,92.9594
448.0,84,93.196403
495.4,88,93.415396
500.0,67,93.614398
469.2,66,93.776418
487.0,84,93.996402
487.0,84,94.211398
477.75,93,94.469411
468.4,70,94.650402
464.15,68,94.837401
464.45,79,95.193404
482.4,83,95.414556
495.55,63,95.56063
500.0,101,95.824618
500.0,71,96.013635
495.55,68,96.18763
495.55,75,96.405617
477.75,77,96.606642
495.55,84,96.810622
468.55,79,97.02663
477.75,82,97.291631
450.95,75,97.465628
478.1,70,97.658632
491.1,63,97.825631
486.5,63,97.983622
500.0,85,98.210629
428.05,77,98.411618
482.4,82,98.64405
491.1,73,98.828054
486.65,78,99.060043
487.0,87,99.287055
468.7,81,99.495042
500.0,73,99.678046
486.65,83,99.903056
472.4,67,100.085061
477.75,105,100.368057
500.0,76,100.566042
500.0,67,100.745044
473.65,70,100.925043
500.0,84,101.170051
495.55,65,101.349047
455.5,90,101.566405
490.95,82,101.822404
500.0,87,102.153409
500.0,83,102.523407
491.1,87,102.898408
486.65,87,103.136422
487.0,102,103.413404
500.0,75,103.608415
495.4,82,103.805415
495.55,97,104.057407
491.1,65,104.243414
461.0,69,104.455403
500.0,83,104.714885
495.4,62,104.984883
477.6,77,105.221883
495.4,93,105.471883
495.55,65,105.6969
477.6,75,105.921888
490.8,93,106.174893
482.05,76,106.365897
495.4,75,106.563891
482.4,79,106.76488
495.4,77,106.960884
490.8,75,107.194882
487.0,88,107.448069
500.0,57,107.605124
447.15,89,107.847126
487.0,105,108.116127
486.35,89,108.346127
490.8,103,108.645129
491.1,74,108.842127
474.0,63,108.998115
487.0,83,109.371124
482.55,63,109.537128
486.65,80,109.746128
460.65,93,110.008117
486.65,89,110.249115
495.4,77,110.457133
500.0,96,110.799668
500.0,67,111.042643
490.8,77,111.318676
491.1,93,111.678641
486.65,76,111.955646
486.65,84,112.344657
486.65,96,112.681641
500.0,93,113.006656
500.0,73,113.263645
500.0,78,113.565938
491.1,80,113.807937
500.0,65,114.014949
500.0,80,114.238932
495.4,84,114.48495
495.55,95,114.724932
481.9,75,114.914934
482.2,59,115.068935
500.0,83,115.294935
500.0,74,115.492931
500.0,72,115.68895
495.4,75,115.885945
495.4,97,116.143931
459.5,83,116.342942
495.4,78,116.546949
500.0,82,116.742456
487.0,93,117.125506
464.4,79,117.360453
481.9,79,117.553472
477.45,62,117.72647
486.65,82,117.940453
500.0,72,118.138454
495.55,104,118.426464
500.0,73,118.604464
486.65,74,118.805453
486.65,72,118.977456
495.55,85,119.212452
500.0,117,119.51773
500.0,80,119.744721
477.6,91,119.95473
468.85,108,120.239719
495.4,81,120.477718
486.35,87,120.704716
477.75,86,120.93573
482.05,94,121.182719
468.85,70,121.36772
482.05,65,121.525717
477.95,87,121.739717
495.4,83,121.954732
500.0,68,122.131722
477.75,72,122.387729
495.55,72,122.569731
500.0,69,122.749235
486.65,80,122.962243
450.75,63,123.152245
495.55,90,123.387247
491.1,88,123.638243
500.0,76,123.832236
500.0,95,124.097233
500.0,100,124.495233
468.85,76,124.772234
477.75,93,125.064234
486.65,62,125.304247
487.0,83,125.569682
500.0,79,125.83968
495.4,81,126.125683
495.4,98,126.484684
500.0,63,126.738677
500.0,88,127.062684
495.4,94,127.424683
495.4,72,127.6657
491.1,77,128.013678
500.0,83,128.346679
477.75,96,128.710134
495.55,84,129.020136
477.95,66,129.251137
500.0,84,129.547134
452.1,85,129.848138
455.7,99,130.189134
491.1,64,130.425145
474.0,80,130.70915
490.8,83,130.99614
486.5,84,131.235152
482.4,76,131.425138
486.5,75,131.634381
495.4,84,131.838377
495.4,92,132.090388
477.45,82,132.478378
495.4,76,132.692378
481.75,64,132.856393
495.4,86,133.098388
482.05,72,133.284377
491.1,73,133.536381
491.1,83,133.872389
491.1,72,134.145377
482.4,86,134.411377
500.0,85,134.682586
446.45,81,134.891595
495.55,83,135.10259
486.65,85,135.344601
500.0,63,135.509596
500.0,72,135.696583
486.5,63,135.873584
482.05,76,136.072583
500.0,102,136.370583
495.4,79,136.553586
491.1,72,136.763584
468.7,65,136.942584
500.0,77,137.141583
500.0,64,137.307588
482.2,94,137.602742
486.2,83,137.802731
500.0,68,137.986731
500.0,91,138.238734
500.0,76,138.488731
500.0,92,138.72073
473.0,99,138.986748
500.0,96,139.244729
500.0,88,139.629747
477.75,82,139.855729
500.0,78,140.05674
491.1,72,140.23974
486.65,71,140.414747
500.0,70,140.612745
477.75,67,140.783973
500.0,84,141.013972
500.0,87,141.247981
495.55,68,141.426971
500.0,93,141.678972
500.0,110,141.967969
500.0,91,142.227973
478.1,76,142.414983
491.1,74,142.647987
500.0,74,142.845977
495.4,73,143.038973
490.8,87,143.292969
500.0,88,143.511223
495.4,92,143.778821
500.0,68,143.935827
500.0,92,144.168815
500.0,108,144.45581
495.4,62,144.627821
482.05,84,144.84681
