#{"t_start": 1785072800.6510413, "env_id": "None"}
r,l,t
-286.9,83,0.151
-285.35,85,0.273013
-252.15,85,0.374001
-255.85,71,1.085001
-285.25,72,1.178998
-305.2,75,1.27701
-167.2,70,1.700207
-148.45,79,1.804219
-182.05,98,1.923225
-292.5,85,2.36869
-95.35,86,2.478709
-122.1,72,2.569705
-162.7,95,3.02169
-197.4,105,3.154696
-42.7,81,3.257691
-112.55,90,3.703702
-76.05,75,3.804691
-83.15,88,3.904693
-54.95,109,4.370705
-7.9,88,4.50769
-104.3,63,4.644691
38.8,95,5.18469
52.25,81,5.331212
-125.5,85,5.467212
-152.6,91,5.984208
-13.65,76,6.086226
-36.7,78,6.178216
-34.95,70,6.605225
-78.95,86,6.716208
-47.55,75,6.813213
-92.55,66,6.887214
-29.55,80,7.334211
-37.85,76,7.429223
-78.2,76,7.516212
-20.25,72,7.944211
109.15,62,8.033629
-16.6,73,8.122792
-13.45,85,8.534792
-117.25,80,8.646804
-172.7,66,8.730808
-2.55,90,8.831792
-63.6,74,9.271806
-4.75,96,9.411791
-70.05,72,9.493796
-23.35,82,9.929796
35.9,84,10.044793
-38.95,83,10.137803
17.9,90,10.56379
34.65,83,10.670807
-105.45,71,10.755806
-13.0,80,11.343348
-65.5,98,11.469349
33.35,83,11.58035
-46.75,78,11.995347
100.8,73,12.103346
41.25,88,12.204358
83.7,95,12.640359
111.1,73,12.736347
108.6,69,12.821348
-45.2,88,13.234346
78.35,88,13.362372
-4.75,73,13.450347
55.8,80,13.538344
207.25,94,14.000346
80.9,68,14.093522
102.35,68,14.169608
120.0,85,14.608597
81.6,78,14.724596
91.45,65,14.799608
46.15,67,15.20761
95.75,97,15.352608
60.9,83,15.454609
78.65,70,15.871598
69.2,76,15.972609
19.25,94,16.09261
160.15,80,16.190606
-10.35,91,16.642598
55.0,75,16.741608
46.9,87,16.843601
171.95,70,17.263113
80.55,72,17.373127
38.5,84,17.463127
40.3,99,17.889136
116.65,79,17.997114
130.15,83,18.08913
84.55,90,18.522117
67.3,89,18.648116
169.55,58,18.717137
55.0,78,19.149131
99.3,79,19.265117
152.6,63,19.345118
51.25,71,19.433122
156.2,79,19.867116
112.85,91,19.982117
86.9,87,20.081266
189.05,75,20.516363
135.9,110,20.656354
129.2,73,20.750353
174.95,88,21.339349
106.15,94,21.461365
67.95,90,21.890351
73.55,76,21.994366
98.5,64,22.074353
165.85,78,22.175356
147.45,89,22.602366
119.65,69,22.694366
134.6,71,22.781354
71.85,87,23.185366
168.45,83,23.307894
24.9,68,23.389879
132.05,89,23.81188
229.2,90,23.924893
143.95,84,24.027881
61.05,82,24.466879
155.55,82,24.571894
83.75,76,24.670881
118.75,88,25.08488
128.55,81,25.193879
178.25,57,25.263889
209.25,88,25.363883
285.5,82,25.786897
174.35,92,25.922893
56.95,85,26.01588
107.4,91,26.470472
185.75,74,26.568473
229.45,81,26.654472
209.0,77,27.087473
123.65,80,27.205472
131.95,85,27.30748
230.05,76,27.712472
239.2,93,27.856473
155.15,85,28.044473
183.9,79,28.652473
194.15,86,28.783484
187.3,81,28.882486
175.8,71,29.314004
153.2,64,29.400003
160.65,80,29.510995
154.15,95,29.626991
158.55,91,30.06099
145.6,113,30.209991
129.0,78,30.62999
129.25,98,30.754002
224.55,93,30.875989
254.3,112,31.496004
221.95,83,31.606004
181.15,99,31.717002
176.75,73,32.138754
161.05,79,32.244283
250.75,62,32.322277
178.1,64,32.713276
225.0,103,32.861279
249.5,94,32.967278
216.3,76,33.396275
132.85,79,33.504275
152.6,88,33.610293
161.75,76,34.041289
131.15,106,34.174291
179.55,99,34.287287
263.7,76,34.69829
214.55,95,34.82129
189.0,88,34.922288
273.8,101,35.384799
164.85,78,35.49981
303.7,79,35.585804
209.8,98,36.02782
131.05,89,36.143815
143.55,74,36.229798
235.2,77,36.669812
193.6,75,36.766796
225.9,76,36.8558
168.75,85,37.279814
248.25,78,37.387798
187.4,99,37.515812
288.7,103,37.983808
226.75,91,38.106807
179.9,74,38.200899
141.4,96,38.646905
59.7,67,38.738886
108.85,107,38.858886
129.05,97,39.3199
182.85,87,39.4399
137.5,84,39.545898
244.85,73,39.960886
254.8,88,40.070885
178.55,81,40.1699
298.7,86,40.749901
197.45,76,40.871888
276.95,64,40.947887
276.15,84,41.37541
218.3,95,41.515421
218.1,66,41.589412
220.55,85,42.012411
214.65,93,42.13341
231.1,84,42.235413
309.15,82,42.63542
265.4,93,42.762422
228.75,85,42.861404
240.15,73,43.282422
284.5,82,43.401404
224.9,98,43.522408
191.4,86,43.948409
211.05,83,44.065421
175.1,92,44.177328
196.7,76,44.760335
276.7,76,44.852338
179.95,73,44.949325
160.8,70,45.030329
195.7,80,45.457324
271.2,86,45.572344
253.4,78,45.664325
138.7,69,46.072325
241.05,73,46.181324
170.5,86,46.285325
281.55,83,46.707324
227.15,67,46.795337
221.15,77,46.893326
194.45,91,47.324865
226.65,77,47.44485
265.0,95,47.604853
301.8,77,48.265856
298.45,81,48.39785
311.5,95,48.511854
249.05,89,48.882856
224.4,76,48.977854
287.2,77,49.070856
253.75,91,49.447851
276.5,80,49.546856
278.75,80,49.651848
264.05,71,49.729856
182.85,95,50.130381
284.95,81,50.22601
229.7,69,50.417007
273.9,88,50.816011
192.75,84,50.924011
281.9,81,51.00901
188.7,81,51.383005
238.5,76,51.482014
299.4,73,51.566001
329.05,65,51.927004
288.05,71,52.010007
196.0,92,52.115005
190.55,69,52.186008
313.0,95,52.657002
205.3,87,52.790013
249.9,89,52.891009
355.05,81,53.308131
231.75,84,53.411131
300.55,89,53.503128
261.4,61,53.875131
221.6,104,53.99913
238.5,89,54.103128
253.85,76,54.469127
172.25,73,54.562131
251.4,77,54.731134
320.8,80,55.577133
276.4,66,55.649136
283.05,99,55.767135
264.7,69,56.146666
269.2,81,56.259911
281.15,70,56.402907
323.15,84,56.503907
284.2,92,56.902901
296.55,83,56.996907
186.85,86,57.358902
232.95,62,57.435906
237.5,85,57.538907
258.85,91,57.636902
279.85,93,58.024909
291.95,108,58.157908
242.6,74,58.513901
282.8,73,58.610909
148.4,91,58.715912
228.35,81,58.803908
264.7,72,59.201911
178.35,82,59.302845
237.1,80,59.404369
291.8,92,59.941371
281.9,73,60.027374
227.55,90,60.124378
268.25,79,60.507368
252.15,80,60.595376
357.95,68,60.675379
329.7,92,61.083369
175.35,75,61.170377
197.75,71,61.251377
383.0,83,61.622373
347.1,74,61.720379
164.4,68,61.796378
266.05,74,61.873381
297.45,60,62.227028
277.65,78,62.320554
288.75,70,62.405556
309.75,83,62.487563
351.75,93,62.888555
240.9,72,62.974563
252.35,85,63.070564
333.75,91,63.628562
388.8,82,63.730561
317.4,75,63.805564
315.8,68,64.215564
211.95,78,64.312559
273.6,84,64.397563
290.05,67,64.768559
276.85,77,64.867559
268.15,73,64.956564
363.25,86,65.319543
245.4,88,65.422068
305.45,67,65.496074
308.35,64,65.566072
261.3,73,65.942078
251.85,80,66.038069
313.4,77,66.122078
392.75,61,66.472073
314.75,67,66.552078
383.0,111,66.670077
245.25,77,67.043072
378.45,81,67.132083
255.65,90,67.233078
383.0,55,67.293072
284.15,70,67.671077
297.45,76,67.771071
230.95,78,67.864074
254.5,74,68.232712
188.85,118,68.383234
208.1,100,68.488237
255.95,58,68.984244
305.8,72,69.072237
345.6,63,69.145242
317.75,78,69.226244
344.0,61,69.592244
231.1,94,69.721241
310.15,96,69.82024
356.35,64,70.187244
339.4,79,70.277241
315.3,65,70.35224
331.2,80,70.734245
319.5,75,70.821244
214.7,104,70.948235
327.1,99,71.346713
339.55,81,71.444719
262.1,79,71.538712
351.1,100,71.913719
315.4,79,72.009712
317.35,92,72.122712
351.35,72,72.484715
216.75,99,72.611718
248.55,73,72.687718
304.35,89,73.093724
340.3,61,73.180717
331.0,86,73.273715
229.4,101,73.679718
323.35,88,73.780713
279.0,83,73.883716
330.25,68,74.23937
245.85,68,74.324893
280.25,72,74.410894
331.0,68,74.483895
346.25,80,74.873899
356.8,77,74.958899
337.45,76,75.053896
334.55,90,75.449894
385.15,92,75.558899
326.45,105,75.668893
334.25,75,76.0559
392.25,75,76.147899
339.55,78,76.232894
288.6,89,76.616898
328.15,74,76.717899
355.7,88,76.818907
343.95,84,77.19889
312.1,110,77.331892
303.0,102,77.438127
285.45,97,77.981121
330.65,88,78.154126
261.45,81,78.246125
309.1,73,78.606127
345.5,91,78.719121
308.95,81,78.803123
329.7,83,79.185128
274.0,85,79.286124
322.1,66,79.358124
387.1,69,79.726124
270.05,93,79.851124
307.4,84,79.94712
409.0,62,80.3313
358.5,96,80.434307
337.6,81,80.532298
354.95,77,80.883307
368.05,78,80.984308
326.55,85,81.089307
375.35,79,81.169302
403.1,71,81.537301
326.4,86,81.638307
339.7,88,81.731303
317.5,79,82.109303
311.85,97,82.221303
297.8,85,82.304302
300.0,78,82.694301
290.7,91,82.800307
379.75,100,82.898303
303.7,78,83.280303
351.05,66,83.354485
416.25,98,83.45551
377.25,74,83.842485
334.8,93,83.958477
256.9,68,84.029485
282.35,68,84.384484
329.35,97,84.494479
356.1,91,84.589504
339.4,76,84.993481
330.6,77,85.081484
321.55,80,85.167478
289.4,73,85.541485
321.85,77,85.629482
381.7,83,85.727478
378.4,69,85.809484
403.25,98,86.227641
343.35,78,86.323719
367.4,100,86.851715
351.8,70,86.932719
345.95,73,87.020713
274.0,85,87.108711
331.45,93,87.506712
302.25,76,87.59672
338.25,81,87.678718
352.7,70,88.162714
393.35,100,88.342716
350.7,80,88.45472
360.2,97,88.902715
331.0,87,89.011727
359.8,77,89.100715
365.4,70,89.492945
367.35,80,89.590946
251.35,78,89.684953
351.1,86,90.070951
361.1,96,90.184947
404.55,64,90.263944
300.05,72,90.632947
378.55,90,90.741948
382.25,71,90.831952
369.8,73,90.902944
354.4,86,91.302953
369.8,71,91.387955
368.35,87,91.480953
319.75,92,91.890947
326.7,93,91.998947
333.15,91,92.096961
391.4,85,92.492135
351.25,74,92.576135
404.4,71,92.656134
290.7,70,93.01913
348.1,89,93.12113
338.45,77,93.215126
335.1,86,93.605132
353.6,71,93.719135
308.95,67,93.799129
456.4,92,94.21414
335.55,66,94.297136
320.65,63,94.372125
331.0,84,94.460134
364.25,93,94.857136
383.0,69,94.944135
309.4,76,95.027128
349.4,84,95.422354
337.7,79,95.517354
365.4,82,95.614347
249.1,92,96.147347
285.0,94,96.254354
409.0,80,96.35135
367.4,85,96.725348
327.7,67,96.799349
396.0,99,96.918353
342.7,72,97.273345
339.4,73,97.367354
399.8,74,97.467346
377.25,67,97.536352
429.4,96,97.929349
301.7,80,98.034353
260.55,73,98.107347
382.35,83,98.502524
292.0,74,98.58553
376.6,95,98.690527
347.95,71,99.067522
407.05,81,99.157522
387.1,76,99.24752
330.25,84,99.638529
337.55,89,99.756521
370.0,65,99.83052
352.55,77,99.914525
294.65,65,100.285522
386.8,80,100.383524
331.0,60,100.450538
331.0,66,100.799523
378.4,76,100.896527
377.25,79,100.99752
290.0,78,101.072524
353.7,92,101.493776
383.0,82,101.598783
396.0,66,101.671778
456.4,69,102.034779
309.1,76,102.130778
359.1,101,102.251781
365.4,84,102.631782
395.35,66,102.716783
461.0,70,102.79678
355.05,78,102.873782
420.7,71,103.261781
370.0,93,103.369779
266.1,85,103.459783
430.55,82,103.847783
326.7,78,103.936784
338.75,65,104.007775
383.0,74,104.3839
344.0,106,104.504905
329.0,62,104.572912
337.7,69,105.065899
315.2,91,105.172901
253.1,79,105.272904
357.0,74,105.633901
290.05,85,105.753901
357.0,93,105.860902
340.75,95,106.247906
403.75,80,106.343901
383.0,91,106.456905
357.0,90,106.841902
396.0,78,106.939904
404.2,71,107.018899
360.3,74,107.097901
355.85,68,107.470373
348.25,86,107.574373
365.55,90,107.671382
448.0,90,108.060367
285.25,66,108.141374
396.0,78,108.224372
424.8,86,108.605366
268.1,69,108.684372
400.1,66,108.766366
404.4,88,109.14537
396.0,82,109.253374
378.05,86,109.359369
404.55,98,109.76437
429.9,74,109.853367
329.35,78,109.947377
372.75,69,110.020367
343.35,83,110.41158
292.0,86,110.504579
355.55,82,110.593579
378.0,79,110.975587
376.7,81,111.085576
373.45,100,111.192583
371.45,89,111.585579
357.0,76,111.676579
434.5,68,111.751582
348.1,84,112.124585
408.25,73,112.226638
422.0,81,112.313579
390.1,89,112.72858
360.95,80,112.833577
334.2,68,112.912586
304.5,78,113.284579
295.95,94,113.405581
296.1,77,113.490971
373.95,79,113.56897
383.0,99,113.971971
409.0,69,114.051967
404.55,78,114.135971
317.35,99,114.684962
326.05,78,114.782967
396.0,91,114.885972
372.9,74,115.250967
342.6,62,115.325979
298.8,79,115.418963
378.0,100,115.807971
194.55,91,115.925967
291.8,76,116.017969
316.35,68,116.370285
357.0,96,116.497283
238.3,79,116.584277
316.65,66,116.955283
278.65,84,117.055285
291.5,75,117.139277
413.25,71,117.210285
336.4,79,117.608281
369.65,92,117.721285
339.4,77,117.797282
270.25,71,118.176284
364.75,66,118.254282
371.45,98,118.363284
357.0,74,118.765286
416.1,76,118.854279
351.5,85,118.964282
365.0,87,119.341285
309.1,83,119.443817
364.75,66,119.522816
352.55,78,119.889813
374.25,93,120.001813
373.75,74,120.100814
404.7,82,120.192818
378.05,86,120.716816
391.55,69,120.800816
282.5,67,120.872818
417.55,91,121.272811
391.4,89,121.385813
359.25,77,121.469808
409.0,73,121.838813
382.35,73,121.925812
370.0,84,122.023809
378.55,96,122.417625
357.0,102,122.538619
372.6,87,122.637618
399.95,71,123.008624
357.0,83,123.101626
350.4,83,123.198624
243.95,76,123.705626
282.45,75,123.794626
396.0,86,123.895622
339.4,71,123.966621
